Row ID,Sales/Returned,Product ID,Customer ID,Order Priority,Location_Id,Order_Date_ID,Ship_Date_ID,Ship Mode,Market,Sales,Quantity,Discount,Profit,Shipping Cost,Discount Value,Gross Sales,Revenue,Column,IsHoliday,data_Predict.Sub-Category,data_Predict.Discount
28543,0,OFF-ST-10004583,KA-16525,Medium,65,461,465,Standard Class,APAC,130.8150024,3,0,-7.335000038,10.61999989,13,0,-13.08150044,Australia,1,Storage,0
28540,0,TEC-CO-10002658,KA-16525,Medium,65,461,465,Standard Class,APAC,669.0599976,5,0,289.8599854,51.54000092,67,0,-66.90600075,Australia,1,Copiers,0
28356,1,OFF-PA-10000127,ND-18460,Medium,686,1456,1462,Standard Class,APAC,81.54000092,5,0,24.38999939,4.929999828,8,81.54000092,73.3860007,Australia,1,Paper,0
23523,1,OFF-SU-10004872,SC-20305,Medium,81,1090,1097,Standard Class,APAC,78.08399963,3,0,13.82400036,2.579999924,8,78.08399963,70.27559955,Australia,1,Supplies,0
21461,1,OFF-EN-10004526,HG-14845,Medium,672,1449,1456,Standard Class,APAC,134.4600067,4,0,52.25999832,8.229999542,13,134.4600067,121.0140058,Australia,1,Envelopes,0
5176,1,FUR-CH-10001374,AW-10840,Medium,551,358,365,Standard Class,LATAM,85.12000275,2,0,26.60000038,4.269000053,17,85.12000275,68.09600194,Mexico,1,Chairs,0
3625,0,FUR-CH-10002653,MD-17860,Medium,1277,684,689,Standard Class,LATAM,382.3999939,5,0,0,34.17599869,76,0,-76.47999992,Mexico,1,Chairs,0
1181,0,FUR-BO-10002679,MY-18295,Medium,652,1413,1417,Standard Class,LATAM,467.0400085,7,0,70,22.74900055,93,0,-93.4080031,Mexico,1,Bookcases,0
6742,1,FUR-FU-10000850,RM-19750,Medium,700,1126,1130,Standard Class,LATAM,80.2559967,4,0,12.01599979,5.857999802,32,80.2559967,48.15359754,Mexico,1,Furnishings,0
5879,1,FUR-FU-10004915,DP-13165,Medium,89,118,122,Standard Class,LATAM,85.53600311,2,0,-55.62400055,3.286000013,34,85.53600311,51.32160136,Mexico,1,Furnishings,0
1177,0,FUR-FU-10003297,MY-18295,Medium,652,1413,1417,Standard Class,LATAM,43.40399933,1,0,-22.43600082,3.246000051,17,0,-17.36159999,Mexico,1,Furnishings,0
12364,1,OFF-ST-10002175,CC-12550,Medium,2232,1219,1224,Standard Class,EU,559.8720093,3,0,43.54199982,41.33000183,56,559.8720093,503.8848075,France,1,Storage,0
16219,1,OFF-AR-10003117,MP-17965,Medium,917,1201,1207,Standard Class,EU,43.51499939,3,0,-7.875,2.660000086,22,43.51499939,21.75749969,France,1,Art,0
18393,1,TEC-PH-10000160,SS-20410,Medium,535,1091,1097,Standard Class,EU,2194.840088,4,0,206.5559998,175.7299957,329,2194.840088,1865.614062,France,1,Phones,0
18392,1,TEC-CO-10004078,SS-20410,Medium,535,1091,1097,Standard Class,EU,2764.330078,11,0,-195.4429932,219.1900024,415,2764.330078,2349.68055,France,1,Copiers,0
18585,1,OFF-FA-10001680,EM-13810,Medium,64,817,822,Standard Class,EU,13.52700043,1,0,4.497000217,1.169999957,1,13.52700043,12.17430036,United Kingdom,1,Fasteners,0
24923,1,TEC-AC-10004848,KF-16285,High,6,1207,1211,Standard Class,APAC,793.5839844,8,0,-8.975999832,78.48000336,79,793.5839844,714.2255848,Australia,1,Accessories,0
24921,1,OFF-PA-10000302,KF-16285,High,6,1207,1211,Standard Class,APAC,50.32799911,2,0,15.04800034,2.809999943,5,50.32799911,45.29519913,Australia,1,Paper,0
24920,1,FUR-CH-10004580,KF-16285,High,6,1207,1211,Standard Class,APAC,312.821991,6,0,72.88200378,41.91999817,31,312.821991,281.5397914,Australia,1,Chairs,0
24655,1,TEC-AC-10003895,RE-19405,High,148,1085,1090,Standard Class,APAC,145.0440063,4,0,54.68399811,10.60999966,15,145.0440063,130.5396055,Australia,1,Accessories,0
716,1,FUR-CH-10000105,TB-21175,High,435,1350,1355,Standard Class,LATAM,69.64800262,3,0,20.86800003,12.90200043,14,69.64800262,55.71840189,Mexico,1,Chairs,0
9374,1,FUR-FU-10001255,TB-21250,High,197,621,625,Standard Class,LATAM,47.88000107,7,0,-26.45999908,4.142000198,19,47.88000107,28.72800036,Mexico,1,Furnishings,0
30261,1,FUR-CH-10000026,JW-16075,Low,198,1449,1456,Standard Class,APAC,158.9759979,2,0,-95.4240036,25.21999931,64,158.9759979,95.38559781,Australia,1,Chairs,0
29921,1,OFF-FA-10000353,NP-18325,Critical,222,1460,1462,Second Class,APAC,13.2840004,2,0,-8.675999641,3.99000001,5,13.2840004,7.970400159,Australia,1,Fasteners,0
25493,1,OFF-FA-10002459,BE-11410,High,6,459,462,Second Class,APAC,34.72200012,2,0,11.56200027,6.900000095,3,34.72200012,31.24980006,Australia,1,Fasteners,0
27448,1,OFF-LA-10002123,Dl-13600,High,65,1095,1097,Second Class,APAC,19.65600014,2,0,5.196000099,1.049999952,2,19.65600014,17.69040009,Australia,1,Labels,0
29922,1,FUR-CH-10000994,NP-18325,Critical,222,1460,1462,Second Class,APAC,433.980011,5,0,-166.4700012,124.6299973,174,433.980011,260.388004,Australia,1,Chairs,0
24394,0,TEC-PH-10002601,SB-20170,Critical,31,363,366,Second Class,APAC,578.5020142,1,0,-38.56800079,131.8099976,58,0,-57.85020228,Australia,1,Phones,0
5968,1,FUR-FU-10004450,SC-20770,High,127,357,359,Second Class,LATAM,70.72799683,7,0,3.528000116,9.262000084,28,70.72799683,42.43679767,Mexico,1,Furnishings,0
9935,1,FUR-CH-10001819,ON-18715,Medium,209,118,122,Second Class,LATAM,108.9120026,3,0,29.8920002,12.24199963,22,108.9120026,87.12960173,Mexico,1,Chairs,0
7496,1,FUR-CH-10000105,NB-18580,High,1282,363,365,Second Class,LATAM,139.2960052,6,0,41.73600006,4.34100008,28,139.2960052,111.4368038,Mexico,1,Chairs,0
5972,1,FUR-CH-10004095,SC-20770,High,127,357,359,Second Class,LATAM,247.423996,1,0,55.66400146,40.09799957,49,247.423996,197.939196,Mexico,1,Chairs,0
2301,1,FUR-CH-10003354,NC-18625,Medium,1282,684,689,Second Class,LATAM,288.1919861,3,0,32.41199875,20.75399971,58,288.1919861,230.553588,Mexico,1,Chairs,0
1188,1,FUR-CH-10003697,MS-17830,Medium,885,1085,1090,Second Class,LATAM,188.2559967,6,0,-21.26399994,8.713999748,38,188.2559967,150.6047968,Mexico,1,Chairs,0
1187,1,FUR-CH-10001455,MS-17830,Medium,885,1085,1090,Second Class,LATAM,658.6719971,7,0,8.232000351,29.86100006,132,658.6719971,526.9375957,Mexico,1,Chairs,0
17346,1,OFF-ST-10000095,RD-19720,High,914,357,359,Second Class,EU,868.0770264,7,0,28.91699982,143.4100037,87,868.0770264,781.2693224,France,1,Storage,0
16712,1,TEC-CO-10004147,AC-10660,Medium,4,509,514,Second Class,EU,512.1630249,3,0,56.85300064,21.38999939,51,512.1630249,460.9467216,Germany,1,Copiers,0
14557,1,OFF-ST-10004046,AG-10330,Critical,824,678,681,Second Class,EU,53.21699905,3,0,-2.403000116,10.28999996,5,53.21699905,47.89529907,France,1,Storage,0
23626,1,TEC-CO-10001703,PG-18820,High,6,358,360,First Class,APAC,512.1630249,3,0,130.8329926,26.14999962,51,512.1630249,460.9467216,Australia,1,Copiers,0
21344,1,FUR-BO-10004852,DR-12940,Medium,6,820,822,First Class,APAC,1177.170044,3,0,353.1329956,294.5499878,118,1177.170044,1059.453038,Australia,1,Bookcases,0
7433,0,FUR-CH-10004993,CS-12505,Medium,2083,1127,1130,First Class,LATAM,257.9519958,3,0,22.51199913,27.90500069,52,0,-51.59039994,Mexico,1,Chairs,0
15603,1,TEC-PH-10003620,SC-20020,Critical,1022,591,593,First Class,EU,355.7250061,3,0,41.80500031,129.3899994,53,355.7250061,302.3662531,France,1,Phones,0
17047,1,OFF-AP-10000005,MC-17275,High,69,161,164,First Class,EU,837.8640137,3,0,-27.93600082,200.3500061,84,837.8640137,754.0776111,France,1,Appliances,0
28898,1,OFF-PA-10004727,EB-13705,Critical,6,1089,1090,First Class,APAC,23.8409996,1,0,5.81099987,8.140000343,2,23.8409996,21.45689961,Australia,1,Paper,0
23629,1,OFF-SU-10002027,PG-18820,High,6,358,360,First Class,APAC,100.0080032,4,0,22.12800026,14.61999989,10,100.0080032,90.00720276,Australia,1,Supplies,0
29698,1,TEC-AC-10003217,KB-16585,High,3,1209,1211,First Class,APAC,451.8179932,6,0,75.25800323,68.65000153,45,451.8179932,406.6361932,Australia,1,Accessories,0
27575,1,FUR-CH-10000027,AH-10690,Medium,6,728,732,Second Class,APAC,1652.400024,4,0,55.08000183,148.0200043,165,1652.400024,1487.16002,Australia,1,Chairs,0.27
23628,1,OFF-SU-10001731,PG-18820,High,6,358,360,First Class,APAC,24.21899986,1,0,7.508999825,3.920000076,2,24.21899986,21.79709984,Australia,1,Supplies,0.5
23627,1,OFF-ST-10003606,PG-18820,High,6,358,360,First Class,APAC,19.44000053,2,0,3.24000001,3.190000057,2,19.44000053,17.49600045,Australia,1,Storage,0.47
21342,1,TEC-PH-10003348,DR-12940,Medium,6,820,822,First Class,APAC,373.8959961,3,0,128.7359924,27.09000015,37,373.8959961,336.5063959,Australia,1,Phones,0.25
29809,1,TEC-PH-10001900,CY-12745,Medium,248,753,757,Standard Class,APAC,128.897995,1,0,54.40800095,10.64999962,13,128.897995,116.0081953,Australia,1,Phones,0.17
23524,1,FUR-CH-10002573,SC-20305,Medium,81,1090,1097,Standard Class,APAC,1255.5,3,0,97.65000153,92.04000092,126,1255.5,1129.949998,Australia,1,Chairs,0.27
21460,1,FUR-CH-10001752,HG-14845,Medium,672,1449,1456,Standard Class,APAC,171.8280029,2,0,20.98800087,16.21999931,17,171.8280029,154.6452024,Australia,1,Chairs,0.27
24656,1,OFF-BI-10004700,RE-19405,High,148,1085,1090,Standard Class,APAC,110.3759995,8,0,23.25600052,12.27999973,11,110.3759995,99.33839934,Australia,1,Binders,0.17
30260,1,OFF-PA-10004187,JW-16075,Low,198,1449,1456,Standard Class,APAC,39.20399857,3,0,-22.26600075,3.650000095,16,39.20399857,23.52239891,Australia,1,Paper,0.17
22515,1,FUR-TA-10003596,NC-18340,Critical,65,726,726,Same Day,APAC,1788.819946,6,0,204.2819977,439.0299988,537,1788.819946,1252.173941,Australia,1,Tables,0.3
29920,1,OFF-BI-10004868,NP-18325,Critical,222,1460,1462,Second Class,APAC,10.85400009,3,0,-6.696000099,3.75999999,4,10.85400009,6.51239999,Australia,1,Binders,0.17
27447,1,TEC-MA-10003178,Dl-13600,High,65,1095,1097,Second Class,APAC,884.9520264,8,0,255.4320068,109.2900009,88,884.9520264,796.4568224,Australia,1,Machines,0.25
29122,1,OFF-SU-10004848,DB-13060,High,31,1091,1091,Same Day,APAC,252.5579987,6,0,2.717999935,102.4800034,25,252.5579987,227.3021984,Australia,1,Supplies,0.47
29121,1,OFF-FA-10001375,DB-13060,High,31,1091,1091,Same Day,APAC,67.71600342,4,0,-1.524000049,4.03000021,7,67.71600342,60.94440298,Australia,1,Fasteners,0.45
29120,1,OFF-AP-10003598,DB-13060,High,31,1091,1091,Same Day,APAC,3739.179932,8,0,747.815979,522.789978,374,3739.179932,3365.261933,Australia,1,Appliances,0.17
27757,1,TEC-AC-10001987,SB-20170,High,2,1091,1091,Same Day,APAC,367.9020081,9,0,73.33200073,43.75,37,367.9020081,331.1118067,Australia,1,Accessories,0.45
24395,0,FUR-BO-10002308,SB-20170,Critical,31,363,366,Second Class,APAC,353.1600037,2,0,39.24000168,92.19999695,35,0,-35.31600089,Australia,1,Bookcases,0.2
30740,1,TEC-CO-10000243,JB-15400,Medium,31,354,359,Standard Class,APAC,229.1759949,2,0,38.19599915,15.40999985,92,229.1759949,137.5055956,Australia,1,Copiers,0.4
30178,1,OFF-LA-10000879,LT-16765,Low,17,1455,1462,Standard Class,APAC,15.22799969,2,0,6.047999859,2.589999914,2,15.22799969,13.7051997,Australia,1,Labels,0.4
26232,1,OFF-LA-10002523,RB-19795,High,198,1120,1122,First Class,APAC,43.34400177,7,0,-10.20600033,16.12000084,17,43.34400177,26.0064008,Australia,1,Labels,0.4
26231,1,TEC-MA-10004116,RB-19795,High,198,1120,1122,First Class,APAC,181.1340027,1,0,-117.7559967,12.92000008,72,181.1340027,108.6804005,Australia,1,Machines,0.4
20528,1,TEC-CO-10002674,EG-13900,Medium,65,1202,1207,Standard Class,APAC,750.5999756,5,0,-33.45000076,66.31999969,75,750.5999756,675.5399769,Australia,1,Copiers,0.1
20527,1,OFF-AP-10001503,EG-13900,Medium,65,1202,1207,Standard Class,APAC,1393.880005,5,0,572.9249878,112.0299988,139,1393.880005,1254.492002,Australia,1,Appliances,0.1
20526,1,TEC-MA-10001261,EG-13900,Medium,65,1202,1207,Standard Class,APAC,1687.390015,7,0,674.7719727,50.75,169,1687.390015,1518.651011,Australia,1,Machines,0.1
20525,1,OFF-SU-10003897,EG-13900,Medium,65,1202,1207,Standard Class,APAC,93.7440033,7,0,14.57400036,6.440000057,9,93.7440033,84.36960283,Australia,1,Supplies,0.1
28542,0,OFF-AP-10000335,KA-16525,Medium,65,461,465,Standard Class,APAC,501.2279968,2,0,61.2480011,24.92000008,50,0,-50.12280043,Australia,1,Appliances,0.1
28541,0,TEC-CO-10001674,KA-16525,Medium,65,461,465,Standard Class,APAC,109.2959976,1,0,33.99599838,8.920000076,11,0,-10.92959992,Australia,1,Copiers,0.1
28539,0,OFF-ST-10001707,KA-16525,Medium,65,461,465,Standard Class,APAC,88.12799835,2,0,-5.892000198,6.809999943,9,0,-8.812799967,Australia,1,Storage,0.1
28538,0,OFF-ST-10000704,KA-16525,Medium,65,461,465,Standard Class,APAC,379.8089905,3,0,113.8590012,17.04999924,38,0,-37.98089961,Australia,1,Storage,0.1
24924,1,FUR-CH-10003760,KF-16285,High,6,1207,1211,Standard Class,APAC,155.7630005,3,0,62.25299835,16.85000038,16,155.7630005,140.1867002,Australia,1,Chairs,0.1
24922,1,OFF-BI-10002632,KF-16285,High,6,1207,1211,Standard Class,APAC,92.61000061,2,0,17.48999977,2.769999981,9,92.61000061,83.34900041,Australia,1,Binders,0.1
24919,1,OFF-FA-10004545,KF-16285,High,6,1207,1211,Standard Class,APAC,12.68999958,1,0,4.349999905,0.74000001,1,12.68999958,11.4209996,Australia,1,Fasteners,0.1
21343,1,OFF-PA-10004380,DR-12940,Medium,6,820,822,First Class,APAC,49.65299988,3,0,1.052999973,0.059999999,5,49.65299988,44.68769982,Australia,1,Paper,0.1
20303,1,OFF-AP-10000304,KN-16450,Critical,6,3,3,Same Day,APAC,276.1019897,1,0,110.4120026,125.3199997,28,276.1019897,248.4917904,Australia,1,Appliances,0.1
20302,1,OFF-LA-10003396,KN-16450,Critical,6,3,3,Same Day,APAC,35.88299942,3,0,4.743000031,7.460000038,4,35.88299942,32.29469942,Australia,1,Labels,0.1
23818,1,OFF-AR-10000762,JL-15835,Medium,87,109,112,Second Class,APAC,94.28399658,6,0,15.6239996,7.389999866,9,94.28399658,84.85559678,Australia,1,Art,0.1
23526,1,TEC-PH-10002070,BT-11530,Medium,101,1200,1207,Standard Class,APAC,131.8679962,2,0,5.808000088,8.149999619,13,131.8679962,118.6811964,Australia,1,Phones,0.1
21462,1,TEC-MA-10001991,HG-14845,Medium,672,1449,1456,Standard Class,APAC,315.2520142,7,0,41.83200073,14.71000004,32,315.2520142,283.7268123,Australia,1,Machines,0.1
21459,1,OFF-SU-10000178,HG-14845,Medium,672,1449,1456,Standard Class,APAC,65.98799896,4,0,-1.572000027,2.849999905,7,65.98799896,59.38919897,Australia,1,Supplies,0.1
24657,1,OFF-ST-10004226,RE-19405,High,148,1085,1090,Standard Class,APAC,988.632019,8,0,395.3519897,74.15000153,99,988.632019,889.7688157,Australia,1,Storage,0.1
23550,0,OFF-AR-10003046,HM-14860,Low,660,360,366,Standard Class,APAC,126.197998,3,0,28.00799942,12.52000046,13,0,-12.61979999,Australia,1,Art,0.1
29923,1,OFF-FA-10004545,NP-18325,Critical,222,1460,1462,Second Class,APAC,16.92000008,2,0,0.239999995,3.210000038,7,16.92000008,10.15199994,Australia,1,Fasteners,0.1
19486,1,OFF-ST-10000710,DK-13090,Medium,1143,1250,1256,Standard Class,EU,88.0739975,2,0,19.55400085,4.880000114,9,88.0739975,79.26659762,France,1,Storage,0.1
20205,1,OFF-ST-10001413,LC-16885,Medium,1876,952,958,Standard Class,EU,110.4840012,4,0,-9.876000404,8.970000267,11,110.4840012,99.43560088,France,1,Storage,0.1
19485,1,OFF-ST-10004489,DK-13090,Medium,1143,1250,1256,Standard Class,EU,1428.839966,8,0,555.4799805,74.86000061,143,1428.839966,1285.955967,France,1,Storage,0.1
16018,1,OFF-ST-10003764,JH-15985,Medium,2045,1450,1455,Standard Class,EU,106.973999,7,0,43.97399902,5.139999866,11,106.973999,96.27659896,France,1,Storage,0.1
20207,1,FUR-CH-10002819,LC-16885,Medium,1876,952,958,Standard Class,EU,53.83800125,1,0,6.558000088,4.5,5,53.83800125,48.45420105,France,1,Chairs,0.1
16144,1,TEC-MA-10003515,CM-11815,Medium,815,108,115,Standard Class,EU,2016.849976,9,0,-0.054000001,160.4100037,303,2016.849976,1714.322467,France,1,Machines,0.1
16222,1,FUR-BO-10003905,MP-17965,Medium,917,1201,1207,Standard Class,EU,200.1600037,4,1,-60.11999893,17.12000084,120,200.1600037,80.06399669,France,1,Bookcases,0.1
11808,1,FUR-FU-10003512,DM-13015,Medium,4,1456,1462,Standard Class,EU,189.7559967,7,0,35.82600021,8.090000153,19,189.7559967,170.7803968,Germany,1,Furnishings,0.1
10931,1,FUR-FU-10003325,CK-12325,Medium,4,1366,1372,Standard Class,EU,158.2200012,4,0,61.5,11.17000008,16,158.2200012,142.3980009,Germany,1,Furnishings,0.1
18730,1,FUR-BO-10001392,NP-18670,Medium,590,813,819,Standard Class,EU,784.7819824,2,0,270.2820129,50.13000107,78,784.7819824,706.303783,Germany,1,Bookcases,0.1
15904,1,OFF-ST-10003764,DK-13150,Medium,1477,1085,1091,Standard Class,EU,30.56399918,2,0,12.56400013,1.840000033,3,30.56399918,27.50759921,Germany,1,Storage,0.1
18727,1,FUR-BO-10004914,NP-18670,Medium,590,813,819,Standard Class,EU,387.098999,3,0,51.57899857,23.05999947,39,387.098999,348.3890985,Germany,1,Bookcases,0.1
11112,1,FUR-CH-10003248,DB-13270,Medium,1780,1452,1456,Standard Class,EU,126.927002,3,0,9.836999893,11.25,13,126.927002,114.2343016,Germany,1,Chairs,0.1
10428,1,OFF-ST-10003995,AD-10180,Medium,64,1085,1090,Standard Class,EU,575.6400146,5,0,51.09000015,44.52000046,58,575.6400146,518.0760123,United Kingdom,1,Storage,0.1
14037,1,FUR-BO-10000596,AB-10060,Medium,64,719,725,Standard Class,EU,1578.640015,4,0,613.8359985,161.0599976,158,1578.640015,1420.776011,United Kingdom,1,Bookcases,0.1
5877,1,FUR-FU-10003874,DP-13165,Medium,89,118,122,Standard Class,LATAM,87.30000305,5,0,-36.40000153,8.237000465,35,87.30000305,52.38000131,Mexico,1,Furnishings,0.4
1182,0,FUR-FU-10002122,MY-18295,Medium,652,1413,1417,Standard Class,LATAM,131.9400024,3,0,-79.19999695,5.65199995,53,0,-52.77600176,Mexico,1,Furnishings,0.4
8121,1,FUR-CH-10001114,HH-15010,Medium,2765,1085,1090,Standard Class,LATAM,61.63199997,2,0,19.23200035,3.164999962,12,61.63199997,49.30559979,Mexico,1,Chairs,0.2
6858,1,FUR-BO-10002214,SC-20260,Medium,1002,353,360,Standard Class,LATAM,270.9599915,3,0,-64.37999725,15.74199963,54,270.9599915,216.7679924,Mexico,1,Bookcases,0.2
5167,1,FUR-BO-10001596,PO-18865,Medium,197,1166,1172,Standard Class,LATAM,583.8720093,3,0,-14.62800026,23.17900085,117,583.8720093,467.0976057,Mexico,1,Bookcases,0.2
3623,0,FUR-CH-10002547,MD-17860,Medium,1277,684,689,Standard Class,LATAM,146.7359924,3,0,-16.52400017,9.850000381,29,0,-29.34719892,Mexico,1,Chairs,0.2
1183,0,FUR-BO-10003221,MY-18295,Medium,652,1413,1417,Standard Class,LATAM,162.1119995,2,0,-10.16800022,0.333999991,32,0,-32.42240039,Mexico,1,Bookcases,0.2
3005,1,TEC-CO-10003931,DM-13525,Medium,23,1085,1090,Standard Class,LATAM,423.3120117,2,0,-0.848320007,25.04599953,1,423.3120117,422.4653877,Mexico,1,Copiers,0.202
1176,0,TEC-CO-10002110,MY-18295,Medium,652,1413,1417,Standard Class,LATAM,288.0830078,3,0,103.2829971,8.145000458,1,0,-0.576166043,Mexico,1,Copiers,0.002
17886,1,OFF-ST-10004377,AG-10900,Medium,1765,1040,1046,Standard Class,EU,382.401001,3,0,67.94100189,35.70999908,38,382.401001,344.1609003,France,1,Storage,0.4
19182,1,OFF-ST-10002622,CM-12190,Medium,2784,361,366,Standard Class,EU,811.9439697,7,0,-27.2159996,20.89999962,81,811.9439697,730.7495715,France,1,Storage,0.4
16223,1,OFF-PA-10000816,MP-17965,Medium,917,1201,1207,Standard Class,EU,15.56999969,2,0,-9.68999958,1.620000005,8,15.56999969,7.784999847,France,1,Paper,0.5
16221,1,OFF-LA-10001375,MP-17965,Medium,917,1201,1207,Standard Class,EU,10.5,2,0,-3.779999971,0.769999981,5,10.5,5.25,France,1,Labels,0.5
16220,1,OFF-FA-10000154,MP-17965,Medium,917,1201,1207,Standard Class,EU,7.215000153,1,0,-0.165000007,0.629999995,4,7.215000153,3.607500076,France,1,Fasteners,0.5
19185,1,TEC-PH-10002222,CM-12190,Medium,2784,361,366,Standard Class,EU,273.8699951,4,0,83.66999817,13.64000034,41,273.8699951,232.7894942,France,1,Phones,0.4
17684,1,FUR-TA-10002467,MT-18070,Medium,693,1091,1097,Standard Class,EU,1676.550049,3,0,309.4519958,56.04000092,587,1676.550049,1089.757542,France,1,Tables,0.35
18391,1,TEC-MA-10003280,SS-20410,Medium,535,1091,1097,Standard Class,EU,304.2409973,3,0,71.50050354,9.430000305,46,304.2409973,258.6048459,France,1,Machines,0.15
16808,1,TEC-MA-10004955,CA-12055,Medium,2680,675,681,Standard Class,EU,598.2299805,4,0,-49.29000092,23.86000061,90,598.2299805,508.4954798,France,1,Machines,0.15
14310,1,TEC-MA-10002771,KD-16270,Medium,908,1083,1090,Standard Class,EU,1270.410034,5,0,433.4100037,71.38999939,191,1270.410034,1079.848521,France,1,Machines,0.15
15305,1,OFF-ST-10002042,DR-12880,Medium,152,108,112,Standard Class,EU,48.38399887,2,0,6.984000206,3.599999905,5,48.38399887,43.54559891,Germany,1,Storage,0.5
19644,1,OFF-ST-10002659,DM-13345,Medium,741,727,732,Standard Class,EU,129.6000061,3,0,51.84000015,11.31999969,13,129.6000061,116.6400053,Germany,1,Storage,0.5
12225,1,OFF-AP-10004511,ON-18715,Medium,812,1328,1333,Standard Class,EU,495.5100098,2,0,-79.29000092,23.51000023,248,495.5100098,247.7550049,United Kingdom,1,Appliances,0.5
14746,1,OFF-ST-10002900,CK-12595,High,446,355,359,Standard Class,EU,1244.189941,7,0,-13.92300034,56.68999863,124,1244.189941,1119.770945,Germany,1,Storage,0.1
90,1,FUR-BO-10004472,SC-20845,High,581,728,732,Standard Class,LATAM,582,3,0,218.2200012,59.67900085,116,582,465.5999983,Mexico,1,Bookcases,0.2
21,1,FUR-CH-10002132,JE-15610,Low,2083,1084,1090,Standard Class,LATAM,273.4719849,4,0,95.71199799,48.16500092,55,273.4719849,218.7775871,Mexico,1,Chairs,0.2
20031,1,TEC-PH-10000037,KW-16570,Low,917,718,725,Standard Class,EU,108.276001,2,1,-182.5440063,9.18999958,70,108.276001,37.89660292,France,1,Phones,0.15
5973,1,TEC-CO-10001595,SC-20770,High,127,357,359,Second Class,LATAM,526.4050293,3,0,188.7850037,10.3210001,1,526.4050293,525.3522192,Mexico,1,Copiers,0.002
5970,1,FUR-FU-10003384,SC-20770,High,127,357,359,Second Class,LATAM,127.2959976,6,0,16.89599991,13.7130003,51,127.2959976,76.37759781,Mexico,1,Furnishings,0.4
19560,1,FUR-CH-10001237,EM-14065,High,98,867,871,Second Class,EU,725.4899902,5,0,144.9900055,70.02999878,73,725.4899902,652.9409901,Germany,1,Chairs,0.1
19558,1,OFF-ST-10004317,EM-14065,High,98,867,871,Second Class,EU,31.48200035,2,0,0.64200002,3.569999933,3,31.48200035,28.33380027,Germany,1,Storage,0.1
5971,1,FUR-BO-10001201,SC-20770,High,127,357,359,Second Class,LATAM,263.4880066,4,0,75.72799683,39.30099869,53,263.4880066,210.7904045,Mexico,1,Bookcases,0.4
17872,1,OFF-ST-10002151,BP-11095,High,1984,1459,1462,First Class,EU,18.46800041,2,0,3.227999926,4.090000153,2,18.46800041,16.62120034,France,1,Storage,0.1
8960,1,FUR-TA-10002979,CR-12625,Medium,319,623,626,First Class,LATAM,336.7999878,2,0,-33.68000031,25.79700089,67,336.7999878,269.4399892,Mexico,1,Tables,0.2
12179,0,OFF-ST-10002399,ED-13885,High,152,1095,1097,First Class,EU,146.4750061,7,0,17.74500084,22.35000038,15,0,-14.64750083,Germany,1,Storage,0.1
10725,1,OFF-ST-10002539,Co-12640,Medium,546,729,732,First Class,EU,364.5809937,7,0,64.7009964,32.83000183,36,364.5809937,328.1228937,France,1,Storage,0.1
10745,1,FUR-TA-10000347,TC-21295,Critical,143,150,153,First Class,EU,2228.639893,7,0,-754.4140015,440.25,780,2228.639893,1448.615943,France,1,Tables,0.35
12331,1,FUR-TA-10003030,YC-21895,High,2156,860,860,Same Day,EU,176.1430054,1,0,8.113499641,44.61999893,62,176.1430054,114.4929545,France,1,Tables,0.35
12009,1,TEC-PH-10004152,BG-11740,High,261,1455,1455,Same Day,EU,62.34749985,1,0,-0.742500007,6.760000229,9,62.34749985,52.9953745,France,1,Phones,0.15
10417,1,TEC-MA-10001494,MO-17500,High,733,1256,1256,Same Day,EU,1062.530029,4,0,-175.026001,175.3600006,159,1062.530029,903.1505186,France,1,Machines,0.15
14241,1,OFF-AP-10001266,JK-15370,Medium,1846,732,732,Same Day,EU,299.052002,4,0,116.2919998,60.81999969,30,299.052002,269.1468013,France,1,Appliances,0.1
5883,1,OFF-FA-10000467,DP-13165,Medium,89,118,122,Standard Class,LATAM,64.40000153,7,0,20.57999992,3.766000032,0,64.40000153,64.40000153,Mexico,1,Fasteners,0.4
4928,1,OFF-EN-10000812,JD-16150,Medium,700,1091,1096,Standard Class,LATAM,26.39999962,4,0,8.399999619,1.888000011,0,26.39999962,26.39999962,Mexico,1,Envelopes,0.4
9904,1,OFF-AR-10001833,GD-14590,Medium,1258,1091,1097,Standard Class,LATAM,12.76000023,1,0,4.71999979,0.740999997,0,12.76000023,12.76000023,Mexico,1,Art,0.4
1542,0,OFF-ST-10000619,MA-17560,Medium,1057,1090,1096,Standard Class,LATAM,656.5999756,5,0,223.1999969,25.7140007,0,0,0,Mexico,1,Storage,0.4
1185,0,OFF-PA-10001516,MY-18295,Medium,652,1413,1417,Standard Class,LATAM,17.52000046,1,0,4.199999809,1.406000018,0,0,0,Mexico,1,Paper,0.4
30979,1,OFF-ST-10003012,AB-10600,Medium,2,817,822,Standard Class,APAC,94.80000305,4,0,19.79999924,3.460000038,0,94.80000305,94.80000305,Australia,1,Storage,0.4
12667,1,OFF-ST-10002720,RC-19825,Medium,485,1085,1090,Standard Class,EU,248.5200043,4,0,12.35999966,20.29000092,0,248.5200043,248.5200043,United Kingdom,1,Storage,0.4
12377,1,OFF-ST-10001576,GH-14485,Medium,1202,146,150,Standard Class,EU,46.43999863,2,0,15.30000019,4.349999905,0,46.43999863,46.43999863,United Kingdom,1,Storage,0.4
7416,1,OFF-ST-10003750,DP-13105,Medium,1002,985,990,Standard Class,LATAM,250.7400055,7,0,27.57999992,22.73600006,0,250.7400055,250.7400055,Mexico,1,Storage,0.6
5882,1,OFF-ST-10003750,DP-13165,Medium,89,118,122,Standard Class,LATAM,71.63999939,2,0,7.880000114,3.243999958,0,71.63999939,71.63999939,Mexico,1,Storage,0.6
12378,1,OFF-ST-10004020,GH-14485,Medium,1202,146,150,Standard Class,EU,2858.52002,14,0,171.3600006,83.05000305,0,2858.52002,2858.52002,United Kingdom,1,Storage,0.1
15740,1,OFF-ST-10002437,NC-18625,Medium,2448,458,464,Standard Class,EU,143.9100037,3,0,25.82999992,8.170000076,0,143.9100037,143.9100037,United Kingdom,1,Storage,0.1
17925,1,TEC-CO-10003342,KL-16555,Medium,2693,518,522,Standard Class,EU,376.8599854,1,0,97.98000336,14.14000034,0,376.8599854,376.8599854,United Kingdom,1,Copiers,0.1
8124,1,OFF-ST-10001010,HH-15010,Medium,2765,1085,1090,Standard Class,LATAM,277.0799866,2,0,5.519999981,21.36700058,0,277.0799866,277.0799866,Mexico,1,Storage,0.2
17686,1,OFF-AR-10003630,MT-18070,Medium,693,1091,1097,Standard Class,EU,357.6000061,8,0,67.91999817,20.37999916,0,357.6000061,357.6000061,France,1,Art,0.5
12365,1,OFF-AR-10003457,CC-12550,Medium,2232,1219,1224,Standard Class,EU,340.6199951,7,0,160.0200043,27.37000084,0,340.6199951,340.6199951,France,1,Art,0.5
19186,1,OFF-AR-10001110,CM-12190,Medium,2784,361,366,Standard Class,EU,96.56999969,3,0,36.63000107,6.210000038,0,96.56999969,96.56999969,France,1,Art,0.5
15903,1,TEC-MA-10000261,DK-13150,Medium,1477,1085,1091,Standard Class,EU,259.769989,7,0,38.84999847,34.13000107,0,259.769989,259.769989,Germany,1,Machines,0.15
5278,1,TEC-CO-10004521,CK-12205,High,1005,1457,1462,Standard Class,LATAM,248.0829926,3,0,108.822998,12.72999954,0,248.0829926,247.5868265,Mexico,1,Copiers,0.402
7963,0,OFF-BI-10003709,DK-13375,High,592,1457,1461,Standard Class,LATAM,67.27999878,2,0,6.039999962,9.203000069,0,0,0,Mexico,1,Binders,0.4
14713,1,OFF-LA-10003217,MP-17470,Low,688,1456,1462,Standard Class,EU,71.04000092,8,0,0.479999989,11.59000015,0,71.04000092,71.04000092,Germany,1,Labels,0.5
14711,1,TEC-PH-10000437,MP-17470,Low,688,1456,1462,Standard Class,EU,1063.439941,7,0,63.63000107,139.0700073,0,1063.439941,1063.439941,Germany,1,Phones,0.1
14712,1,TEC-PH-10002759,MP-17470,Low,688,1456,1462,Standard Class,EU,1954.439941,3,0,781.7399902,183.8999939,0,1954.439941,1954.439941,Germany,1,Phones,0.1
4109,1,OFF-FA-10002719,DM-13345,Medium,2167,362,365,Second Class,LATAM,68.27999878,6,0,0.600000024,4.186999798,0,68.27999878,68.27999878,Mexico,1,Fasteners,0.4
5974,1,OFF-BI-10003372,SC-20770,High,127,357,359,Second Class,LATAM,105.8399963,3,0,1.019999981,13.61600018,0,105.8399963,105.8399963,Mexico,1,Binders,0.7
16469,1,OFF-ST-10002539,SV-20935,Critical,1489,1461,1462,First Class,EU,289.3500061,5,0,75.15000153,34.47000122,0,289.3500061,289.3500061,United Kingdom,1,Storage,0.1
16556,1,OFF-ST-10001562,OT-18730,Medium,2832,729,732,First Class,EU,40.31999969,2,0,1.980000019,3.529999971,0,40.31999969,40.31999969,United Kingdom,1,Storage,0.1
10950,1,FUR-CH-10004047,RR-19525,Medium,22,819,821,Second Class,EU,412.2000122,3,0,148.3200073,16.42000008,0,412.2000122,412.2000122,United Kingdom,1,Chairs,0.2
16212,1,OFF-ST-10001050,SP-20650,Medium,22,1239,1242,Second Class,EU,242.1000061,5,0,65.25,20.76000023,0,242.1000061,242.1000061,United Kingdom,1,Storage,0.1
12652,1,OFF-ST-10001173,BG-11740,Medium,819,1330,1333,Second Class,EU,104.7600021,6,0,3.059999943,4.849999905,0,104.7600021,104.7600021,United Kingdom,1,Storage,0.5
17345,1,FUR-FU-10002502,RD-19720,High,914,357,359,Second Class,EU,66.69000244,3,0,28.62000084,6.71999979,0,66.69000244,66.69000244,France,1,Furnishings,0.3
15605,1,OFF-BI-10004924,SC-20020,Critical,1022,591,593,First Class,EU,86.40000153,3,0,38.88000107,18.37999916,0,86.40000153,86.40000153,France,1,Binders,0.1
19561,1,TEC-PH-10002759,EM-14065,High,98,867,871,Second Class,EU,2605.919922,4,0,1042.319946,326.0499878,0,2605.919922,2605.919922,Germany,1,Phones,0.1
17772,1,OFF-SU-10003907,KN-16390,Medium,2216,819,822,Second Class,EU,180,6,0,34.20000076,23.20999908,0,180,180,France,1,Supplies,0.5
7434,0,OFF-FA-10003797,CS-12505,Medium,2083,1127,1130,First Class,LATAM,27.71999931,3,0,8.819999695,3.542999983,0,0,0,Mexico,1,Fasteners,0.2
2300,1,TEC-CO-10001037,NC-18625,Medium,1282,684,689,Second Class,LATAM,189.5800018,2,0,14.78009987,15.13399982,0,189.5800018,189.2008418,Mexico,1,Copiers,0.002
30619,1,OFF-LA-10004411,GM-14680,High,198,1204,1204,Same Day,APAC,57.06000137,6,0,2.700000048,11.48999977,0,57.06000137,57.06000137,Australia,1,Labels,0
30618,1,OFF-LA-10000793,GM-14680,High,198,1204,1204,Same Day,APAC,40.68000031,4,0,12.96000004,9.420000076,0,40.68000031,40.68000031,Australia,1,Labels,0
12330,1,OFF-AR-10000091,YC-21895,High,2156,860,860,Same Day,EU,88.44000244,4,0,15.84000015,3.049999952,0,88.44000244,88.44000244,France,1,Art,0
10419,1,OFF-PA-10003455,MO-17500,High,733,1256,1256,Same Day,EU,179.8800049,4,0,53.88000107,39.31000137,0,179.8800049,179.8800049,France,1,Paper,0
10418,1,OFF-AR-10000467,MO-17500,High,733,1256,1256,Same Day,EU,73.52999878,3,0,29.34000015,15.35999966,0,73.52999878,73.52999878,France,1,Art,0
10416,1,OFF-AR-10001898,MO-17500,High,733,1256,1256,Same Day,EU,26.67000008,1,0,1.049999952,4.570000172,0,26.67000008,26.67000008,France,1,Art,0
12008,1,TEC-AC-10004883,BG-11740,High,261,1455,1455,Same Day,EU,169.9199982,2,0,73.01999664,26.29999924,0,169.9199982,169.9199982,France,1,Accessories,0
14908,0,OFF-AR-10003633,JR-15670,Medium,1394,1218,1221,First Class,EU,154.8899994,3,0,26.28000069,9.760000229,0,0,0,United Kingdom,1,Art,0
14527,0,OFF-BI-10004227,SM-20950,High,1584,956,958,First Class,EU,244.1999969,5,0,29.25,74.11000061,0,0,0,France,1,Binders,0
347,1,OFF-EN-10002855,AG-10300,Medium,127,1459,1462,First Class,LATAM,328.7999878,10,0,147.8000031,58.45100021,0,328.7999878,328.7999878,Mexico,1,Envelopes,0
16262,1,OFF-AR-10000184,MN-17935,Medium,2853,1453,1455,First Class,EU,192.7799988,6,0,96.30000305,18.71999931,0,192.7799988,192.7799988,United Kingdom,1,Art,0
2149,1,OFF-FA-10003985,AA-10645,Medium,551,356,359,First Class,LATAM,33.59999847,6,0,14.39999962,5.09499979,0,33.59999847,33.59999847,Mexico,1,Fasteners,0
346,1,OFF-FA-10003499,AG-10300,Medium,127,1459,1462,First Class,LATAM,54.47999954,6,0,10.31999969,2.957999945,0,54.47999954,54.47999954,Mexico,1,Fasteners,0
65,1,OFF-BI-10002080,BT-11530,High,1215,1169,1172,First Class,LATAM,48.70000076,5,0,17.5,9.930999756,0,48.70000076,48.70000076,Mexico,1,Binders,0
13426,1,OFF-AR-10001418,CS-12175,High,152,357,359,First Class,EU,133.5,5,0,37.34999847,8.18999958,0,133.5,133.5,Germany,1,Art,0
17217,1,OFF-EN-10002008,JK-15370,Medium,496,1460,1462,First Class,EU,147.8399963,4,0,33.95999908,6.159999847,0,147.8399963,147.8399963,France,1,Envelopes,0
13118,1,OFF-FA-10003462,BC-11125,Medium,3394,364,366,First Class,EU,42.36000061,4,0,11.76000023,6.389999866,0,42.36000061,42.36000061,United Kingdom,1,Fasteners,0
15604,1,OFF-PA-10003907,SC-20020,Critical,1022,591,593,First Class,EU,61.74000168,3,0,28.97999954,21.29000092,0,61.74000168,61.74000168,France,1,Paper,0
3504,1,OFF-PA-10000705,TC-20980,Medium,263,731,732,First Class,LATAM,20.47999954,1,0,9.199999809,2.891000032,0,20.47999954,20.47999954,Mexico,1,Paper,0
16557,1,OFF-PA-10004589,OT-18730,Medium,2832,729,732,First Class,EU,62.34000015,2,0,14.27999973,1.379999995,0,62.34000015,62.34000015,United Kingdom,1,Paper,0
13819,1,OFF-BI-10002083,AR-10825,High,1110,273,276,First Class,EU,13.31999969,2,0,1.139999986,2.720000029,0,13.31999969,13.31999969,Germany,1,Binders,0
6191,1,OFF-BI-10002799,ES-14080,High,2919,1094,1096,First Class,LATAM,18.23999977,2,0,1.639999986,2.97300005,0,18.23999977,18.23999977,Mexico,1,Binders,0
64,1,OFF-BI-10003952,BT-11530,High,1215,1169,1172,First Class,LATAM,68.59999847,2,0,26.71999931,14.01500034,0,68.59999847,68.59999847,Mexico,1,Binders,0
18179,1,OFF-BI-10003708,LB-16735,Medium,1797,1452,1455,Second Class,EU,25.79999924,2,0,10.02000046,0.550000012,0,25.79999924,25.79999924,France,1,Binders,0
12654,1,OFF-BI-10003650,BG-11740,Medium,819,1330,1333,Second Class,EU,17.81999969,2,0,3.180000067,0.959999979,0,17.81999969,17.81999969,United Kingdom,1,Binders,0
7497,1,OFF-BI-10000814,NB-18580,High,1282,363,365,Second Class,LATAM,17.84000015,2,0,3,2.253999949,0,17.84000015,17.84000015,Mexico,1,Binders,0
5976,1,OFF-SU-10001624,SC-20770,High,127,357,359,Second Class,LATAM,18.07999992,2,0,1.600000024,1.945000052,0,18.07999992,18.07999992,Mexico,1,Supplies,0
5969,1,OFF-AR-10002802,SC-20770,High,127,357,359,Second Class,LATAM,39.79999924,2,0,5.960000038,3.890000105,0,39.79999924,39.79999924,Mexico,1,Art,0
8927,1,OFF-LA-10002972,MG-18145,Critical,2244,1459,1461,Second Class,LATAM,11.92000008,2,0,4.159999847,3.390000105,0,11.92000008,11.92000008,Mexico,1,Labels,0
1198,1,OFF-LA-10002295,DB-12910,High,462,1413,1417,Second Class,LATAM,7.199999809,1,0,3.299999952,0.495000005,0,7.199999809,7.199999809,Mexico,1,Labels,0
2249,0,TEC-PH-10001651,DP-13390,Medium,925,1085,1090,Second Class,LATAM,82.22000122,1,0,18.07999992,9.817000389,0,0,0,Mexico,1,Phones,0
10722,1,OFF-AR-10000980,RB-19570,Medium,2243,964,969,Second Class,EU,26.10000038,1,0,6.78000021,2.789999962,0,26.10000038,26.10000038,United Kingdom,1,Art,0
11044,1,OFF-BI-10001754,AG-10900,High,252,1089,1091,Second Class,EU,14.01000023,1,0,5.159999847,2.619999886,0,14.01000023,14.01000023,Germany,1,Binders,0
2250,0,OFF-AR-10003829,DP-13390,Medium,925,1085,1090,Second Class,LATAM,73.5,5,0,19.79999924,5.605000019,0,0,0,Mexico,1,Art,0
2248,0,OFF-BI-10000765,DP-13390,Medium,925,1085,1090,Second Class,LATAM,15.76000023,4,0,2.960000038,0.707000017,0,0,0,Mexico,1,Binders,0
19557,1,OFF-EN-10002008,EM-14065,High,98,867,871,Second Class,EU,147.8399963,4,0,33.95999908,29.20999908,0,147.8399963,147.8399963,Germany,1,Envelopes,0
12178,1,OFF-BI-10003114,KB-16600,High,3421,857,860,Second Class,EU,27.95999908,4,0,13.68000031,5.820000172,0,27.95999908,27.95999908,France,1,Binders,0
1186,1,TEC-MA-10002844,MS-17830,Medium,885,1085,1090,Second Class,LATAM,103.5,3,0,36.18000031,5.379000187,0,103.5,103.5,Mexico,1,Machines,0
1197,1,OFF-ST-10000028,DB-12910,High,462,1413,1417,Second Class,LATAM,124.2600021,3,0,32.27999878,7.714000225,0,124.2600021,124.2600021,Mexico,1,Storage,0
19567,1,OFF-AR-10001529,SM-20005,Medium,3295,312,315,Second Class,EU,83.79000092,3,0,9.180000305,8.159999847,0,83.79000092,83.79000092,France,1,Art,0
15058,1,OFF-LA-10004737,YC-21895,Medium,1356,362,366,Second Class,EU,36.72000122,3,0,13.94999981,4.53000021,0,36.72000122,36.72000122,France,1,Labels,0
11316,1,FUR-FU-10004579,BT-11485,Medium,3315,1088,1090,Second Class,EU,132.0299988,3,0,47.52000046,7.829999924,0,132.0299988,132.0299988,France,1,Furnishings,0
1199,1,OFF-ST-10000990,DB-12910,High,462,1413,1417,Second Class,LATAM,1187.640015,9,0,23.57999992,107.461998,0,1187.640015,1187.640015,Mexico,1,Storage,0
18142,1,OFF-FA-10003730,FA-14230,Medium,1113,1202,1207,Second Class,EU,105.1200027,8,0,26.15999985,5.949999809,0,105.1200027,105.1200027,United Kingdom,1,Fasteners,0
15057,1,OFF-LA-10004727,YC-21895,Medium,1356,362,366,Second Class,EU,69.12000275,8,0,8.159999847,3.670000076,0,69.12000275,69.12000275,France,1,Labels,0
19556,1,OFF-BI-10002799,EM-14065,High,98,867,871,Second Class,EU,91.68000031,8,0,23.76000023,12.06999969,0,91.68000031,91.68000031,Germany,1,Binders,0
5975,1,OFF-EN-10001375,SC-20770,High,127,357,359,Second Class,LATAM,224.4799957,8,0,85.27999878,31.42000008,0,224.4799957,224.4799957,Mexico,1,Envelopes,0
17348,1,OFF-LA-10001546,RD-19720,High,914,357,359,Second Class,EU,68.25,7,0,22.46999931,5.119999886,0,68.25,68.25,France,1,Labels,0
17347,1,OFF-PA-10002971,RD-19720,High,914,357,359,Second Class,EU,95.55000305,7,0,19.95000076,16.94000053,0,95.55000305,95.55000305,France,1,Paper,0
2348,1,OFF-ST-10000439,ML-17410,High,208,1051,1053,Second Class,LATAM,846.5999756,6,0,50.75999832,156.5140076,0,846.5999756,846.5999756,Mexico,1,Storage,0
8991,1,OFF-PA-10003911,GP-14740,Medium,551,1460,1462,Second Class,LATAM,161.3000031,5,0,6.400000095,4.880000114,0,161.3000031,161.3000031,Mexico,1,Paper,0
13814,1,OFF-BI-10002738,MZ-17515,Medium,193,354,359,Second Class,EU,40.20000076,5,0,16.79999924,0.959999979,0,40.20000076,40.20000076,France,1,Binders,0
12653,1,TEC-CO-10002174,BG-11740,Medium,819,1330,1333,Second Class,EU,1216.650024,5,0,608.25,55.66999817,0,1216.650024,1216.650024,United Kingdom,1,Copiers,0
10721,1,OFF-LA-10001549,RB-19570,Medium,2243,964,969,Second Class,EU,53.70000076,5,0,21.45000076,2.849999905,0,53.70000076,53.70000076,United Kingdom,1,Labels,0
19559,1,TEC-CO-10001926,EM-14065,High,98,867,871,Second Class,EU,1900.949951,5,0,589.2000122,506.8900146,0,1900.949951,1900.949951,Germany,1,Copiers,0
18838,1,TEC-CO-10002242,CL-12565,Low,446,1456,1462,Standard Class,EU,385.8599854,2,0,92.58000183,53.77000046,0,385.8599854,385.8599854,Germany,1,Copiers,0
18288,1,OFF-FA-10004799,JJ-15760,Low,599,1449,1456,Standard Class,EU,27.18000031,2,0,0,2.130000114,0,27.18000031,27.18000031,United Kingdom,1,Fasteners,0
18287,1,OFF-SU-10004496,JJ-15760,Low,599,1449,1456,Standard Class,EU,47.81999969,2,0,10.5,9.659999847,0,47.81999969,47.81999969,United Kingdom,1,Supplies,0
14710,1,TEC-AC-10001666,MP-17470,Low,688,1456,1462,Standard Class,EU,93.41999817,2,0,14.93999958,8.159999847,0,93.41999817,93.41999817,Germany,1,Accessories,0
10895,1,OFF-BI-10002894,MW-18220,Low,1943,1090,1097,Standard Class,EU,100.6800003,2,0,6,13.56000042,0,100.6800003,100.6800003,Germany,1,Binders,0
15419,1,TEC-MA-10004609,CS-12460,Low,576,1455,1462,Standard Class,EU,311.25,1,0,40.43999863,51.13999939,0,311.25,311.25,Germany,1,Machines,0
18286,1,OFF-AR-10000711,JJ-15760,Low,599,1449,1456,Standard Class,EU,43.65000153,3,0,9.539999962,7.519999981,0,43.65000153,43.65000153,United Kingdom,1,Art,0
10893,1,OFF-FA-10004503,MW-18220,Low,1943,1090,1097,Standard Class,EU,25.20000076,3,0,9.81000042,2.359999895,0,25.20000076,25.20000076,Germany,1,Fasteners,0
10894,1,OFF-BI-10001808,MW-18220,Low,1943,1090,1097,Standard Class,EU,393.8399963,8,0,157.4400024,55.18999863,0,393.8399963,393.8399963,Germany,1,Binders,0
18839,1,FUR-FU-10001718,CL-12565,Low,446,1456,1462,Standard Class,EU,251.1000061,5,0,77.69999695,33.77999878,0,251.1000061,251.1000061,Germany,1,Furnishings,0
91,1,OFF-BI-10000280,SC-20845,High,581,728,732,Standard Class,LATAM,41.93999863,9,0,0,5.217999935,0,41.93999863,41.93999863,Mexico,1,Binders,0
92,1,OFF-EN-10000857,SC-20845,High,581,728,732,Standard Class,LATAM,255,10,0,91.80000305,24.62800026,0,255,255,Mexico,1,Envelopes,0
5279,1,OFF-FA-10002526,CK-12205,High,1005,1457,1462,Standard Class,LATAM,55.36000061,8,0,25.44000053,8.420000076,0,55.36000061,55.36000061,Mexico,1,Fasteners,0
10853,1,OFF-FA-10002071,TB-21055,High,3222,601,605,Standard Class,EU,77.91000366,7,0,5.25,9.630000114,0,77.91000366,77.91000366,United Kingdom,1,Fasteners,0
3633,1,TEC-PH-10004237,CS-12130,High,209,620,625,Standard Class,LATAM,260.519989,6,0,96.36000061,30.22999954,0,260.519989,260.519989,Mexico,1,Phones,0
7964,0,OFF-AP-10003497,DK-13375,High,592,1457,1461,Standard Class,LATAM,204.3000031,5,0,28.60000038,47.96500015,0,0,0,Mexico,1,Appliances,0
3634,1,OFF-AR-10001850,CS-12130,High,209,620,625,Standard Class,LATAM,172.6000061,5,0,10.30000019,21.36000061,0,172.6000061,172.6000061,Mexico,1,Art,0
717,1,OFF-PA-10002328,TB-21175,High,435,1350,1355,Standard Class,LATAM,45.5,5,0,2.700000048,2.364000082,0,45.5,45.5,Mexico,1,Paper,0
14747,1,OFF-BI-10000620,CK-12595,High,446,355,359,Standard Class,EU,32.25,5,0,8.25,5.230000019,0,32.25,32.25,Germany,1,Binders,0
9373,1,TEC-AC-10000336,TB-21250,High,197,621,625,Standard Class,LATAM,107.4400024,4,0,48.31999969,10.77999973,0,107.4400024,107.4400024,Mexico,1,Accessories,0
8210,1,OFF-FA-10002085,MS-17710,High,89,76,80,Standard Class,LATAM,43.43999863,4,0,8.239999771,4.193999767,0,43.43999863,43.43999863,Mexico,1,Fasteners,0
5108,1,TEC-AC-10004043,TG-21640,High,3161,362,367,Standard Class,LATAM,124.5599976,4,0,49.75999832,11.03600025,0,124.5599976,124.5599976,Mexico,1,Accessories,0
916,1,TEC-PH-10003405,DC-13285,High,2812,118,122,Standard Class,LATAM,177.5200043,4,0,7.039999962,20.05200005,0,177.5200043,177.5200043,Mexico,1,Phones,0
20268,1,OFF-AR-10003651,TS-21205,High,3337,237,241,Standard Class,EU,34.11000061,3,0,7.829999924,4.800000191,0,34.11000061,34.11000061,United Kingdom,1,Art,0
2025,1,OFF-LA-10002681,MP-17965,High,113,356,360,Standard Class,LATAM,13.80000019,3,0,1.919999957,1.488000035,0,13.80000019,13.80000019,Mexico,1,Labels,0
917,1,OFF-FA-10004946,DC-13285,High,2812,118,122,Standard Class,LATAM,21.95999908,3,0,2.819999933,2.894000053,0,21.95999908,21.95999908,Mexico,1,Fasteners,0
89,1,TEC-AC-10003851,SC-20845,High,581,728,732,Standard Class,LATAM,142.6799927,3,0,32.75999832,14.50699997,0,142.6799927,142.6799927,Mexico,1,Accessories,0
12354,1,OFF-BI-10000734,KD-16495,High,3155,1406,1411,Standard Class,EU,98.40000153,2,0,42.29999924,11.18000031,0,98.40000153,98.40000153,France,1,Binders,0
30980,1,OFF-FA-10002815,AB-10600,Medium,2,817,822,Standard Class,APAC,25.92000008,2,0,8.279999733,1.440000057,0,25.92000008,25.92000008,Australia,1,Fasteners,0
30977,1,OFF-FA-10003685,AB-10600,Medium,2,817,822,Standard Class,APAC,33.06000137,2,0,8.220000267,2.579999924,0,33.06000137,33.06000137,Australia,1,Fasteners,0
19526,1,OFF-EN-10001993,BP-11185,Medium,2449,1448,1455,Standard Class,EU,54.77999878,2,0,18.05999947,4.170000076,0,54.77999878,54.77999878,United Kingdom,1,Envelopes,0
18728,1,OFF-PA-10002292,NP-18670,Medium,590,813,819,Standard Class,EU,59.40000153,2,0,26.70000076,5.409999847,0,59.40000153,59.40000153,Germany,1,Paper,0
17685,1,OFF-LA-10001154,MT-18070,Medium,693,1091,1097,Standard Class,EU,18.54000092,2,0,6.480000019,1.25,0,18.54000092,18.54000092,France,1,Labels,0
16527,1,TEC-AC-10001666,SC-20095,Medium,103,483,487,Standard Class,EU,93.41999817,2,0,14.93999958,8.819999695,0,93.41999817,93.41999817,France,1,Accessories,0
16017,1,OFF-SU-10001086,JH-15985,Medium,2045,1450,1455,Standard Class,EU,49.56000137,2,0,5.940000057,1.25,0,49.56000137,49.56000137,France,1,Supplies,0
16528,1,OFF-AR-10004519,SC-20095,Medium,103,483,487,Standard Class,EU,109.8000031,2,0,19.73999977,9.460000038,0,109.8000031,109.8000031,France,1,Art,0
12374,1,OFF-FA-10004239,CC-12145,Medium,485,851,857,Standard Class,EU,21.95999908,2,0,9,2.049999952,0,21.95999908,21.95999908,United Kingdom,1,Fasteners,0
12366,1,OFF-SU-10001633,CC-12550,Medium,2232,1219,1224,Standard Class,EU,56.75999832,2,0,26.63999939,4.110000134,0,56.75999832,56.75999832,France,1,Supplies,0
11114,1,TEC-PH-10003137,DB-13270,Medium,1780,1452,1456,Standard Class,EU,278.7000122,2,0,83.58000183,20.51000023,0,278.7000122,278.7000122,Germany,1,Phones,0
3624,0,OFF-LA-10001469,MD-17860,Medium,1277,684,689,Standard Class,LATAM,11.84000015,2,0,5.440000057,0.926999986,0,0,0,Mexico,1,Labels,0
10348,1,OFF-AR-10003217,JE-15715,Medium,3479,1407,1411,Standard Class,EU,34.02000046,2,0,14.27999973,2.039999962,0,34.02000046,34.02000046,France,1,Art,0
6859,1,OFF-LA-10001028,SC-20260,Medium,1002,353,360,Standard Class,LATAM,14.19999981,2,0,4.400000095,0.933000028,0,14.19999981,14.19999981,Mexico,1,Labels,0
3006,1,TEC-AC-10003970,DM-13525,Medium,23,1085,1090,Standard Class,LATAM,73.80000305,2,0,30.95999908,5.545000076,0,73.80000305,73.80000305,Mexico,1,Accessories,0
10347,1,OFF-AR-10003829,JE-15715,Medium,3479,1407,1411,Standard Class,EU,46.91999817,2,0,15.89999962,4.619999886,0,46.91999817,46.91999817,France,1,Art,0
1179,0,OFF-EN-10000139,MY-18295,Medium,652,1413,1417,Standard Class,LATAM,31.31999969,2,0,5.320000172,2.904000044,0,0,0,Mexico,1,Envelopes,0
1432,1,OFF-EN-10000031,CC-12100,Medium,197,1410,1417,Standard Class,LATAM,28.12000084,2,0,5.320000172,1.126000047,0,28.12000084,28.12000084,Mexico,1,Envelopes,0
6368,0,OFF-ST-10000990,BP-11230,Medium,1152,356,360,Standard Class,LATAM,263.9200134,2,0,5.239999771,21.54599953,0,0,0,Mexico,1,Storage,0
30981,1,OFF-FA-10003429,AB-10600,Medium,2,817,822,Standard Class,APAC,13.47000027,1,0,1.200000048,1.529999971,0,13.47000027,13.47000027,Australia,1,Fasteners,0
13361,1,TEC-MA-10003927,GH-14410,Medium,200,1202,1207,Standard Class,EU,301.769989,1,0,9.029999733,13.73999977,0,301.769989,301.769989,United Kingdom,1,Machines,0
5881,1,TEC-PH-10002332,DP-13165,Medium,89,118,122,Standard Class,LATAM,115.6399994,1,0,0,6.728000164,0,115.6399994,115.6399994,Mexico,1,Phones,0
6740,1,OFF-ST-10003231,RM-19750,Medium,700,1126,1130,Standard Class,LATAM,13.43999958,1,0,1.340000033,0.938000023,0,13.43999958,13.43999958,Mexico,1,Storage,0
1541,0,TEC-AC-10000151,MA-17560,Medium,1057,1090,1096,Standard Class,LATAM,24.89999962,1,0,7.460000038,2.012000084,0,0,0,Mexico,1,Accessories,0
20206,1,TEC-AC-10004520,LC-16885,Medium,1876,952,958,Standard Class,EU,88.19999695,3,0,18.45000076,6.019999981,0,88.19999695,88.19999695,France,1,Accessories,0
12098,1,OFF-LA-10001154,PC-19000,Medium,1200,1319,1323,Standard Class,EU,27.80999947,3,0,9.720000267,2.529999971,0,27.80999947,27.80999947,France,1,Labels,0
13710,1,OFF-AR-10003005,LE-16810,Medium,3471,109,115,Standard Class,EU,82.88999939,3,0,12.42000008,4.679999828,0,82.88999939,82.88999939,France,1,Art,0
20208,1,TEC-AC-10003415,LC-16885,Medium,1876,952,958,Standard Class,EU,762.4799805,3,0,304.9200134,59.45000076,0,762.4799805,762.4799805,France,1,Accessories,0
17597,1,OFF-BI-10004220,AH-10585,Medium,3390,867,871,Standard Class,EU,87.48000336,3,0,25.29000092,6.420000076,0,87.48000336,87.48000336,Germany,1,Binders,0
6741,1,OFF-ST-10002714,RM-19750,Medium,700,1126,1130,Standard Class,LATAM,109.3199997,3,0,13.07999992,6.459000111,0,109.3199997,109.3199997,Mexico,1,Storage,0
9403,1,OFF-AR-10004109,MC-17605,Medium,1002,1412,1417,Standard Class,LATAM,99.72000122,3,0,39.84000015,9.237000465,0,99.72000122,99.72000122,Mexico,1,Art,0
1543,0,OFF-BI-10000404,MA-17560,Medium,1057,1090,1096,Standard Class,LATAM,21.05999947,3,0,6.900000095,1.274000049,0,0,0,Mexico,1,Binders,0
131,1,OFF-PA-10001164,DR-12880,Medium,197,1455,1461,Standard Class,LATAM,47.40000153,3,0,22.26000023,4.390999794,0,47.40000153,47.40000153,Mexico,1,Paper,0
30978,1,OFF-AP-10000108,AB-10600,Medium,2,817,822,Standard Class,APAC,2075.040039,4,0,892.2000122,126.1500015,0,2075.040039,2075.040039,Australia,1,Appliances,0
19643,1,TEC-MA-10001142,DM-13345,Medium,741,727,732,Standard Class,EU,679.7999878,4,0,95.16000366,39.04999924,0,679.7999878,679.7999878,Germany,1,Machines,0
10747,1,OFF-BI-10001622,ML-17755,Medium,2031,1317,1323,Standard Class,EU,126.4800034,4,0,51.84000015,10.52000046,0,126.4800034,126.4800034,France,1,Binders,0
19184,1,OFF-FA-10002226,CM-12190,Medium,2784,361,366,Standard Class,EU,53.04000092,4,0,18,5.409999847,0,53.04000092,53.04000092,France,1,Fasteners,0
15589,1,OFF-SU-10003556,PB-19210,Medium,649,116,121,Standard Class,EU,175.6799927,4,0,64.91999817,15.15999985,0,175.6799927,175.6799927,Germany,1,Supplies,0
11819,1,OFF-AR-10001216,PM-18940,Medium,1108,815,822,Standard Class,EU,117.1200027,4,0,5.760000229,5.809999943,0,117.1200027,117.1200027,France,1,Art,0
8123,1,OFF-LA-10003955,HH-15010,Medium,2765,1085,1090,Standard Class,LATAM,32.63999939,4,0,1.600000024,2.049000025,0,32.63999939,32.63999939,Mexico,1,Labels,0
6367,0,OFF-BI-10002799,BP-11230,Medium,1152,356,360,Standard Class,LATAM,36.47999954,4,0,3.279999971,0.039000001,0,0,0,Mexico,1,Binders,0
1184,0,OFF-LA-10000779,MY-18295,Medium,652,1413,1417,Standard Class,LATAM,26.87999916,4,0,4,1.963999987,0,0,0,Mexico,1,Labels,0
1178,0,OFF-SU-10003126,MY-18295,Medium,652,1413,1417,Standard Class,LATAM,124.3199997,4,0,45.91999817,10.45699978,0,0,0,Mexico,1,Supplies,0
8122,1,OFF-EN-10004870,HH-15010,Medium,2765,1085,1090,Standard Class,LATAM,105.5199966,4,0,18.95999908,9.32199955,0,105.5199966,105.5199966,Mexico,1,Envelopes,0
15307,1,OFF-SU-10003211,DR-12880,Medium,152,108,112,Standard Class,EU,80.55000305,5,0,24.14999962,3.839999914,0,80.55000305,80.55000305,Germany,1,Supplies,0
15308,1,OFF-BI-10000115,DR-12880,Medium,152,108,112,Standard Class,EU,30.60000038,5,0,1.200000048,2.680000067,0,30.60000038,30.60000038,Germany,1,Binders,0
11317,1,OFF-BI-10004903,CL-12700,Medium,180,1317,1323,Standard Class,EU,42.45000076,5,0,11.85000038,1.100000024,0,42.45000076,42.45000076,France,1,Binders,0
10748,1,OFF-BI-10000341,ML-17755,Medium,2031,1317,1323,Standard Class,EU,258.8999939,5,0,46.5,5.21999979,0,258.8999939,258.8999939,France,1,Binders,0
11318,1,OFF-BI-10001253,CL-12700,Medium,180,1317,1323,Standard Class,EU,68.40000153,5,0,20.39999962,4.46999979,0,68.40000153,68.40000153,France,1,Binders,0
19183,1,OFF-BI-10004801,CM-12190,Medium,2784,361,366,Standard Class,EU,262.9500122,5,0,63,15.5,0,262.9500122,262.9500122,France,1,Binders,0
3626,0,OFF-FA-10002453,MD-17860,Medium,1277,684,689,Standard Class,LATAM,45.09999847,5,0,16.60000038,3.34100008,0,0,0,Mexico,1,Fasteners,0
1180,0,OFF-EN-10002816,MY-18295,Medium,652,1413,1417,Standard Class,LATAM,64.30000305,5,0,12.80000019,3,0,0,0,Mexico,1,Envelopes,0
5878,1,OFF-BI-10002681,DP-13165,Medium,89,118,122,Standard Class,LATAM,49.79999924,5,0,17.89999962,2.243999958,0,49.79999924,49.79999924,Mexico,1,Binders,0
2234,1,OFF-AR-10003674,DM-13525,Medium,963,847,852,Standard Class,LATAM,128.7599945,6,0,48.84000015,2.173000097,0,128.7599945,128.7599945,Mexico,1,Art,0
18729,1,TEC-PH-10004772,NP-18670,Medium,590,813,819,Standard Class,EU,859.3200073,6,0,42.84000015,63.88999939,0,859.3200073,859.3200073,Germany,1,Phones,0
18726,1,OFF-SU-10000102,NP-18670,Medium,590,813,819,Standard Class,EU,225.5399933,6,0,13.5,12.96000004,0,225.5399933,225.5399933,Germany,1,Supplies,0
15306,1,OFF-LA-10001607,DR-12880,Medium,152,108,112,Standard Class,EU,64.80000305,6,0,32.40000153,4.210000038,0,64.80000305,64.80000305,Germany,1,Labels,0
12379,1,OFF-SU-10002379,GH-14485,Medium,1202,146,150,Standard Class,EU,163.9799957,6,0,6.480000019,7.159999847,0,163.9799957,163.9799957,United Kingdom,1,Supplies,0
11113,1,TEC-AC-10003335,DB-13270,Medium,1780,1452,1456,Standard Class,EU,661.3200073,6,0,118.9800034,31.87000084,0,661.3200073,661.3200073,Germany,1,Accessories,0
19645,1,OFF-LA-10001413,DM-13345,Medium,741,727,732,Standard Class,EU,79.58999634,7,0,22.26000023,7.159999847,0,79.58999634,79.58999634,Germany,1,Labels,0
12097,1,OFF-AR-10000703,PC-19000,Medium,1200,1319,1323,Standard Class,EU,122.2200012,7,0,49.97999954,12.43000031,0,122.2200012,122.2200012,France,1,Art,0
5880,1,OFF-AR-10001812,DP-13165,Medium,89,118,122,Standard Class,LATAM,113.6800003,7,0,54.45999908,5.429999828,0,113.6800003,113.6800003,Mexico,1,Art,0
11957,1,TEC-AC-10003343,DK-13375,Medium,99,1407,1411,Standard Class,EU,226.5599976,8,0,101.7600021,15.57999992,0,226.5599976,226.5599976,France,1,Accessories,0
5177,1,OFF-FA-10003058,AW-10840,Medium,551,358,365,Standard Class,LATAM,72.48000336,8,0,3.519999981,2.288000107,0,72.48000336,72.48000336,Mexico,1,Fasteners,0
11111,1,TEC-PH-10004810,DB-13270,Medium,1780,1452,1456,Standard Class,EU,1120.77002,9,0,268.9200134,64.52999878,0,1120.77002,1120.77002,Germany,1,Phones,0
1281,1,OFF-PA-10002011,FC-14335,Medium,1540,74,80,Standard Class,LATAM,100.2600021,9,0,18.89999962,4.105000019,0,100.2600021,100.2600021,Mexico,1,Paper,0
17724,1,OFF-PA-10002338,CR-12625,Medium,1202,356,360,Standard Class,EU,165.8999939,10,0,76.19999695,6.150000095,0,165.8999939,165.8999939,United Kingdom,1,Paper,0
5556,1,OFF-EN-10000031,TH-21115,Medium,700,438,444,Standard Class,LATAM,140.6000061,10,0,26.60000038,15.59899998,0,140.6000061,140.6000061,Mexico,1,Envelopes,0
